{
  "chelyabinsk": { "center": [55.159901, 61.402547], "zoom": 10 },
  "moscow": { "center": [55.75404, 37.614953], "zoom": 9 },
  "saintpeter": { "center": [59.936542, 30.313521], "zoom": 10 },
  "ekaterinburg": { "center": [56.837958, 60.597114], "zoom": 9 },
  "omsk": { "center": [54.988695, 73.366878], "zoom": 10 },
  "kazan": { "center": [55.795366, 49.105579], "zoom": 8 },
  "tomsk": { "center": [56.488549, 84.951595], "zoom": 10 }
}
